,,,North,0.021399901,,South,-0.021399901,,East,,0.023518703,West,,-0.023518703,NE,0.021399901,0.023518703,SW,-0.021399901,-0.023518703,SE,-0.021399901,0.023518703,NW,0.021399901,-0.023518703
zip,latit,longi,zip,latit,longi,zip,latit,longi,zip,latit,longi,zip,latit,longi,zip,latit,longi,zip,latit,longi,zip,latit,longi,zip,latit,longi
33114,25.7897333,-80.2259474,33114,25.8111332,-80.2259474,33114,25.7683334,-80.2259474,33114,25.7897333,-80.2024287,33114,25.7897333,-80.2494661,33114,25.8111332,-80.2024287,33114,25.7683334,-80.2494661,33114,25.7683334,-80.2024287,33114,25.8111332,-80.2494661
33002,25.8665814,-80.3043337,33002,25.8879813,-80.3043337,33002,25.8451815,-80.3043337,33002,25.8665814,-80.280815,33002,25.8665814,-80.3278524,33002,25.8879813,-80.280815,33002,25.8451815,-80.3278524,33002,25.8451815,-80.280815,33002,25.8879813,-80.3278524
33018,25.9231399,-80.3992652,33018,25.9445398,-80.3992652,33018,25.90174,-80.3992652,33018,25.9231399,-80.3757465,33018,25.9231399,-80.4227839,33018,25.9445398,-80.3757465,33018,25.90174,-80.4227839,33018,25.90174,-80.3757465,33018,25.9445398,-80.4227839
33017,25.9410503,-80.3007769,33017,25.9624502,-80.3007769,33017,25.9196504,-80.3007769,33017,25.9410503,-80.2772582,33017,25.9410503,-80.3242956,33017,25.9624502,-80.2772582,33017,25.9196504,-80.3242956,33017,25.9196504,-80.2772582,33017,25.9624502,-80.3242956
33016,25.8925211,-80.3352364,33016,25.913921,-80.3352364,33016,25.8711212,-80.3352364,33016,25.8925211,-80.3117177,33016,25.8925211,-80.3587551,33016,25.913921,-80.3117177,33016,25.8711212,-80.3587551,33016,25.8711212,-80.3117177,33016,25.913921,-80.3587551
33015,25.9358702,-80.3268812,33015,25.9572701,-80.3268812,33015,25.9144703,-80.3268812,33015,25.9358702,-80.3033625,33015,25.9358702,-80.3503999,33015,25.9572701,-80.3033625,33015,25.9144703,-80.3503999,33015,25.9144703,-80.3033625,33015,25.9572701,-80.3503999
33014,25.9109586,-80.3045967,33014,25.9323585,-80.3045967,33014,25.8895587,-80.3045967,33014,25.9109586,-80.281078,33014,25.9109586,-80.3281154,33014,25.9323585,-80.281078,33014,25.8895587,-80.3281154,33014,25.8895587,-80.281078,33014,25.9323585,-80.3281154
33013,25.8618743,-80.2711588,33013,25.8832742,-80.2711588,33013,25.8404744,-80.2711588,33013,25.8618743,-80.2476401,33013,25.8618743,-80.2946775,33013,25.8832742,-80.2476401,33013,25.8404744,-80.2946775,33013,25.8404744,-80.2476401,33013,25.8832742,-80.2946775
33012,25.8641207,-80.3045967,33012,25.8855206,-80.3045967,33012,25.8427208,-80.3045967,33012,25.8641207,-80.281078,33012,25.8641207,-80.3281154,33012,25.8855206,-80.281078,33012,25.8427208,-80.3281154,33012,25.8427208,-80.281078,33012,25.8855206,-80.3281154
33011,25.824762,-80.2793268,33011,25.8461619,-80.2793268,33011,25.8033621,-80.2793268,33011,25.824762,-80.2558081,33011,25.824762,-80.3028455,33011,25.8461619,-80.2558081,33011,25.8033621,-80.3028455,33011,25.8033621,-80.2558081,33011,25.8461619,-80.3028455
33010,25.839203,-80.2823063,33010,25.8606029,-80.2823063,33010,25.8178031,-80.2823063,33010,25.839203,-80.2587876,33010,25.839203,-80.305825,33010,25.8606029,-80.2587876,33010,25.8178031,-80.305825,33010,25.8178031,-80.2587876,33010,25.8606029,-80.305825
33092,25.52,-80.42,33092,25.5413999,-80.42,33092,25.4986001,-80.42,33092,25.52,-80.3964813,33092,25.52,-80.4435187,33092,25.5413999,-80.3964813,33092,25.4986001,-80.4435187,33092,25.4986001,-80.3964813,33092,25.5413999,-80.4435187
33090,25.4766273,-80.4764375,33090,25.4980272,-80.4764375,33090,25.4552274,-80.4764375,33090,25.4766273,-80.4529188,33090,25.4766273,-80.4999562,33090,25.4980272,-80.4529188,33090,25.4552274,-80.4999562,33090,25.4552274,-80.4529188,33090,25.4980272,-80.4999562
33039,25.4860421,-80.3909164,33039,25.507442,-80.3909164,33039,25.4646422,-80.3909164,33039,25.4860421,-80.3673977,33039,25.4860421,-80.4144351,33039,25.507442,-80.3673977,33039,25.4646422,-80.4144351,33039,25.4646422,-80.3673977,33039,25.507442,-80.4144351
33035,25.4308762,-80.3992652,33035,25.4522761,-80.3992652,33035,25.4094763,-80.3992652,33035,25.4308762,-80.3757465,33035,25.4308762,-80.4227839,33035,25.4522761,-80.3757465,33035,25.4094763,-80.4227839,33035,25.4094763,-80.3757465,33035,25.4522761,-80.4227839
33034,25.291986,-80.610489,33034,25.3133859,-80.610489,33034,25.2705861,-80.610489,33034,25.291986,-80.5869703,33034,25.291986,-80.6340077,33034,25.3133859,-80.5869703,33034,25.2705861,-80.6340077,33034,25.2705861,-80.5869703,33034,25.3133859,-80.6340077
33031,25.5305322,-80.4882672,33031,25.5519321,-80.4882672,33031,25.5091323,-80.4882672,33031,25.5305322,-80.4647485,33031,25.5305322,-80.5117859,33031,25.5519321,-80.4647485,33031,25.5091323,-80.5117859,33031,25.5091323,-80.4647485,33031,25.5519321,-80.5117859
33032,25.5232393,-80.3769999,33032,25.5446392,-80.3769999,33032,25.5018394,-80.3769999,33032,25.5232393,-80.3534812,33032,25.5232393,-80.4005186,33032,25.5446392,-80.3534812,33032,25.5018394,-80.4005186,33032,25.5018394,-80.3534812,33032,25.5446392,-80.4005186
33030,25.4802746,-80.5271756,33030,25.5016745,-80.5271756,33030,25.4588747,-80.5271756,33030,25.4802746,-80.5036569,33030,25.4802746,-80.5506943,33030,25.5016745,-80.5036569,33030,25.4588747,-80.5506943,33030,25.4588747,-80.5036569,33030,25.5016745,-80.5506943
33033,25.4921341,-80.4367421,33033,25.513534,-80.4367421,33033,25.4707342,-80.4367421,33033,25.4921341,-80.4132234,33033,25.4921341,-80.4602608,33033,25.513534,-80.4132234,33033,25.4707342,-80.4602608,33033,25.4707342,-80.4132234,33033,25.513534,-80.4602608
33149,25.7138002,-80.1596041,33149,25.7352001,-80.1596041,33149,25.6924003,-80.1596041,33149,25.7138002,-80.1360854,33149,25.7138002,-80.1831228,33149,25.7352001,-80.1360854,33149,25.6924003,-80.1831228,33149,25.6924003,-80.1360854,33149,25.7352001,-80.1831228
33181,25.9003878,-80.1484407,33181,25.9217877,-80.1484407,33181,25.8789879,-80.1484407,33181,25.9003878,-80.124922,33181,25.9003878,-80.1719594,33181,25.9217877,-80.124922,33181,25.8789879,-80.1719594,33181,25.8789879,-80.124922,33181,25.9217877,-80.1719594
33182,25.7825806,-80.3992652,33182,25.8039805,-80.3992652,33182,25.7611807,-80.3992652,33182,25.7825806,-80.3757465,33182,25.7825806,-80.4227839,33182,25.8039805,-80.3757465,33182,25.7611807,-80.4227839,33182,25.7611807,-80.3757465,33182,25.8039805,-80.4227839
33183,25.6950625,-80.4048306,33183,25.7164624,-80.4048306,33183,25.6736626,-80.4048306,33183,25.6950625,-80.3813119,33183,25.6950625,-80.4283493,33183,25.7164624,-80.3813119,33183,25.6736626,-80.4283493,33183,25.6736626,-80.3813119,33183,25.7164624,-80.4283493
33184,25.756402,-80.402048,33184,25.7778019,-80.402048,33184,25.7350021,-80.402048,33184,25.756402,-80.3785293,33184,25.756402,-80.4255667,33184,25.7778019,-80.3785293,33184,25.7350021,-80.4255667,33184,25.7350021,-80.3785293,33184,25.7778019,-80.4255667
33185,25.733888,-80.4604643,33185,25.7552879,-80.4604643,33185,25.7124881,-80.4604643,33185,25.733888,-80.4369456,33185,25.733888,-80.483983,33185,25.7552879,-80.4369456,33185,25.7124881,-80.483983,33185,25.7124881,-80.4369456,33185,25.7552879,-80.483983
33186,25.6653934,-80.3992652,33186,25.6867933,-80.3992652,33186,25.6439935,-80.3992652,33186,25.6653934,-80.3757465,33186,25.6653934,-80.4227839,33186,25.6867933,-80.3757465,33186,25.6439935,-80.4227839,33186,25.6439935,-80.3757465,33186,25.6867933,-80.4227839
33187,25.5994424,-80.4660256,33187,25.6208423,-80.4660256,33187,25.5780425,-80.4660256,33187,25.5994424,-80.4425069,33187,25.5994424,-80.4895443,33187,25.6208423,-80.4425069,33187,25.5780425,-80.4895443,33187,25.5780425,-80.4425069,33187,25.6208423,-80.4895443
33188,25.8,-80.31,33188,25.8213999,-80.31,33188,25.7786001,-80.31,33188,25.8,-80.2864813,33188,25.8,-80.3335187,33188,25.8213999,-80.2864813,33188,25.7786001,-80.3335187,33188,25.7786001,-80.2864813,33188,25.8213999,-80.3335187
33189,25.5734243,-80.3380213,33189,25.5948242,-80.3380213,33189,25.5520244,-80.3380213,33189,25.5734243,-80.3145026,33189,25.5734243,-80.36154,33189,25.5948242,-80.3145026,33189,25.5520244,-80.36154,33189,25.5520244,-80.3145026,33189,25.5948242,-80.36154
33190,25.5527232,-80.3352364,33190,25.5741231,-80.3352364,33190,25.5313233,-80.3352364,33190,25.5527232,-80.3117177,33190,25.5527232,-80.3587551,33190,25.5741231,-80.3117177,33190,25.5313233,-80.3587551,33190,25.5313233,-80.3117177,33190,25.5741231,-80.3587551
33180,25.9581433,-80.1372757,33180,25.9795432,-80.1372757,33180,25.9367434,-80.1372757,33180,25.9581433,-80.113757,33180,25.9581433,-80.1607944,33180,25.9795432,-80.113757,33180,25.9367434,-80.1607944,33180,25.9367434,-80.113757,33180,25.9795432,-80.1607944
33179,25.9502474,-80.1930859,33179,25.9716473,-80.1930859,33179,25.9288475,-80.1930859,33179,25.9502474,-80.1695672,33179,25.9502474,-80.2166046,33179,25.9716473,-80.1695672,33179,25.9288475,-80.2166046,33179,25.9288475,-80.1695672,33179,25.9716473,-80.2166046
33178,25.8433674,-80.4326521,33178,25.8647673,-80.4326521,33178,25.8219675,-80.4326521,33178,25.8433674,-80.4091334,33178,25.8433674,-80.4561708,33178,25.8647673,-80.4091334,33178,25.8219675,-80.4561708,33178,25.8219675,-80.4091334,33178,25.8647673,-80.4561708
33166,25.8235041,-80.3101684,33166,25.844904,-80.3101684,33166,25.8021042,-80.3101684,33166,25.8235041,-80.2866497,33166,25.8235041,-80.3336871,33166,25.844904,-80.2866497,33166,25.8021042,-80.3336871,33166,25.8021042,-80.2866497,33166,25.844904,-80.3336871
33167,25.8830363,-80.2377078,33167,25.9044362,-80.2377078,33167,25.8616364,-80.2377078,33167,25.8830363,-80.2141891,33167,25.8830363,-80.2612265,33167,25.9044362,-80.2141891,33167,25.8616364,-80.2612265,33167,25.8616364,-80.2141891,33167,25.9044362,-80.2612265
33168,25.8897406,-80.2070328,33168,25.9111405,-80.2070328,33168,25.8683407,-80.2070328,33168,25.8897406,-80.1835141,33168,25.8897406,-80.2305515,33168,25.9111405,-80.1835141,33168,25.8683407,-80.2305515,33168,25.8683407,-80.1835141,33168,25.9111405,-80.2305515
33169,25.9400585,-80.2153998,33169,25.9614584,-80.2153998,33169,25.9186586,-80.2153998,33169,25.9400585,-80.1918811,33169,25.9400585,-80.2389185,33169,25.9614584,-80.1918811,33169,25.9186586,-80.2389185,33169,25.9186586,-80.1918811,33169,25.9614584,-80.2389185
33172,25.7858514,-80.360297,33172,25.8072513,-80.360297,33172,25.7644515,-80.360297,33172,25.7858514,-80.3367783,33172,25.7858514,-80.3838157,33172,25.8072513,-80.3367783,33172,25.7644515,-80.3838157,33172,25.7644515,-80.3367783,33172,25.8072513,-80.3838157
33173,25.7038331,-80.360297,33173,25.725233,-80.360297,33173,25.6824332,-80.360297,33173,25.7038331,-80.3367783,33173,25.7038331,-80.3838157,33173,25.725233,-80.3367783,33173,25.6824332,-80.3838157,33173,25.6824332,-80.3367783,33173,25.725233,-80.3838157
33174,25.7616792,-80.3491599,33174,25.7830791,-80.3491599,33174,25.7402793,-80.3491599,33174,25.7616792,-80.3256412,33174,25.7616792,-80.3726786,33174,25.7830791,-80.3256412,33174,25.7402793,-80.3726786,33174,25.7402793,-80.3256412,33174,25.7830791,-80.3726786
33175,25.7357116,-80.3992652,33175,25.7571115,-80.3992652,33175,25.7143117,-80.3992652,33175,25.7357116,-80.3757465,33175,25.7357116,-80.4227839,33175,25.7571115,-80.3757465,33175,25.7143117,-80.4227839,33175,25.7143117,-80.3757465,33175,25.7571115,-80.4227839
33176,25.6624457,-80.3547286,33176,25.6838456,-80.3547286,33176,25.6410458,-80.3547286,33176,25.6624457,-80.3312099,33176,25.6624457,-80.3782473,33176,25.6838456,-80.3312099,33176,25.6410458,-80.3782473,33176,25.6410458,-80.3312099,33176,25.6838456,-80.3782473
33177,25.595058,-80.3992652,33177,25.6164579,-80.3992652,33177,25.5736581,-80.3992652,33177,25.595058,-80.3757465,33177,25.595058,-80.4227839,33177,25.6164579,-80.3757465,33177,25.5736581,-80.4227839,33177,25.5736581,-80.3757465,33177,25.6164579,-80.4227839
33165,25.7327581,-80.3547286,33165,25.754158,-80.3547286,33165,25.7113582,-80.3547286,33165,25.7327581,-80.3312099,33165,25.7327581,-80.3782473,33165,25.754158,-80.3312099,33165,25.7113582,-80.3782473,33165,25.7113582,-80.3312099,33165,25.754158,-80.3782473
33193,25.6987264,-80.4604643,33193,25.7201263,-80.4604643,33193,25.6773265,-80.4604643,33193,25.6987264,-80.4369456,33193,25.6987264,-80.483983,33193,25.7201263,-80.4369456,33193,25.6773265,-80.483983,33193,25.6773265,-80.4369456,33193,25.7201263,-80.483983
33194,25.7143625,-80.610489,33194,25.7357624,-80.610489,33194,25.6929626,-80.610489,33194,25.7143625,-80.5869703,33194,25.7143625,-80.6340077,33194,25.7357624,-80.5869703,33194,25.6929626,-80.6340077,33194,25.6929626,-80.5869703,33194,25.7357624,-80.6340077
33247,25.8349354,-80.2413493,33247,25.8563353,-80.2413493,33247,25.8135355,-80.2413493,33247,25.8349354,-80.2178306,33247,25.8349354,-80.264868,33247,25.8563353,-80.2178306,33247,25.8135355,-80.264868,33247,25.8135355,-80.2178306,33247,25.8563353,-80.264868
33255,25.7889689,-80.2264393,33255,25.8103688,-80.2264393,33255,25.767569,-80.2264393,33255,25.7889689,-80.2029206,33255,25.7889689,-80.249958,33255,25.8103688,-80.2029206,33255,25.767569,-80.249958,33255,25.767569,-80.2029206,33255,25.8103688,-80.249958
33256,25.6656979,-80.3240206,33256,25.6870978,-80.3240206,33256,25.644298,-80.3240206,33256,25.6656979,-80.3005019,33256,25.6656979,-80.3475393,33256,25.6870978,-80.3005019,33256,25.644298,-80.3475393,33256,25.644298,-80.3005019,33256,25.6870978,-80.3475393
33257,25.6037698,-80.3498123,33257,25.6251697,-80.3498123,33257,25.5823699,-80.3498123,33257,25.6037698,-80.3262936,33257,25.6037698,-80.373331,33257,25.6251697,-80.3262936,33257,25.5823699,-80.373331,33257,25.5823699,-80.3262936,33257,25.6251697,-80.373331
33261,25.87916,-80.19413,33261,25.9005599,-80.19413,33261,25.8577601,-80.19413,33261,25.87916,-80.1706113,33261,25.87916,-80.2176487,33261,25.9005599,-80.1706113,33261,25.8577601,-80.2176487,33261,25.8577601,-80.1706113,33261,25.9005599,-80.2176487
33265,25.73,-80.36,33265,25.7513999,-80.36,33265,25.7086001,-80.36,33265,25.73,-80.3364813,33265,25.73,-80.3835187,33265,25.7513999,-80.3364813,33265,25.7086001,-80.3835187,33265,25.7086001,-80.3364813,33265,25.7513999,-80.3835187
33266,25.8212225,-80.2833698,33266,25.8426224,-80.2833698,33266,25.7998226,-80.2833698,33266,25.8212225,-80.2598511,33266,25.8212225,-80.3068885,33266,25.8426224,-80.2598511,33266,25.7998226,-80.3068885,33266,25.7998226,-80.2598511,33266,25.8426224,-80.3068885
33269,25.9455627,-80.2053667,33269,25.9669626,-80.2053667,33269,25.9241628,-80.2053667,33269,25.9455627,-80.181848,33269,25.9455627,-80.2288854,33269,25.9669626,-80.181848,33269,25.9241628,-80.2288854,33269,25.9241628,-80.181848,33269,25.9669626,-80.2288854
33280,25.9502736,-80.1488255,33280,25.9716735,-80.1488255,33280,25.9288737,-80.1488255,33280,25.9502736,-80.1253068,33280,25.9502736,-80.1723442,33280,25.9716735,-80.1253068,33280,25.9288737,-80.1723442,33280,25.9288737,-80.1253068,33280,25.9716735,-80.1723442
33283,25.6906724,-80.3833699,33283,25.7120723,-80.3833699,33283,25.6692725,-80.3833699,33283,25.6906724,-80.3598512,33283,25.6906724,-80.4068886,33283,25.7120723,-80.3598512,33283,25.6692725,-80.4068886,33283,25.6692725,-80.3598512,33283,25.7120723,-80.4068886
33245,25.7506483,-80.2240177,33245,25.7720482,-80.2240177,33245,25.7292484,-80.2240177,33245,25.7506483,-80.200499,33245,25.7506483,-80.2475364,33245,25.7720482,-80.200499,33245,25.7292484,-80.2475364,33245,25.7292484,-80.200499,33245,25.7720482,-80.2475364
33243,25.7061206,-80.2901289,33243,25.7275205,-80.2901289,33243,25.6847207,-80.2901289,33243,25.7061206,-80.2666102,33243,25.7061206,-80.3136476,33243,25.7275205,-80.2666102,33243,25.6847207,-80.3136476,33243,25.6847207,-80.2666102,33243,25.7275205,-80.3136476
33242,25.8021455,-80.2255572,33242,25.8235454,-80.2255572,33242,25.7807456,-80.2255572,33242,25.8021455,-80.2020385,33242,25.8021455,-80.2490759,33242,25.8235454,-80.2020385,33242,25.7807456,-80.2490759,33242,25.7807456,-80.2020385,33242,25.8235454,-80.2490759
33196,25.6697865,-80.4660256,33196,25.6911864,-80.4660256,33196,25.6483866,-80.4660256,33196,25.6697865,-80.4425069,33196,25.6697865,-80.4895443,33196,25.6911864,-80.4425069,33196,25.6483866,-80.4895443,33196,25.6483866,-80.4425069,33196,25.6911864,-80.4895443
33197,25.5961,-80.35995,33197,25.6174999,-80.35995,33197,25.5747001,-80.35995,33197,25.5961,-80.3364313,33197,25.5961,-80.3834687,33197,25.6174999,-80.3364313,33197,25.5747001,-80.3834687,33197,25.5747001,-80.3364313,33197,25.6174999,-80.3834687
33199,25.7538975,-80.3770443,33199,25.7752974,-80.3770443,33199,25.7324976,-80.3770443,33199,25.7538975,-80.3535256,33199,25.7538975,-80.400563,33199,25.7752974,-80.3535256,33199,25.7324976,-80.400563,33199,25.7324976,-80.3535256,33199,25.7752974,-80.400563
33206,25.7215467,-80.26835,33206,25.7429466,-80.26835,33206,25.7001468,-80.26835,33206,25.7215467,-80.2448313,33206,25.7215467,-80.2918687,33206,25.7429466,-80.2448313,33206,25.7001468,-80.2918687,33206,25.7001468,-80.2448313,33206,25.7429466,-80.2918687
33222,25.7328724,-80.2415866,33222,25.7542723,-80.2415866,33222,25.7114725,-80.2415866,33222,25.7328724,-80.2180679,33222,25.7328724,-80.2651053,33222,25.7542723,-80.2180679,33222,25.7114725,-80.2651053,33222,25.7114725,-80.2180679,33222,25.7542723,-80.2651053
33231,25.73,-80.3,33231,25.7513999,-80.3,33231,25.7086001,-80.3,33231,25.73,-80.2764813,33231,25.73,-80.3235187,33231,25.7513999,-80.2764813,33231,25.7086001,-80.3235187,33231,25.7086001,-80.2764813,33231,25.7513999,-80.3235187
33233,25.728011,-80.2454223,33233,25.7494109,-80.2454223,33233,25.7066111,-80.2454223,33233,25.728011,-80.2219036,33233,25.728011,-80.268941,33233,25.7494109,-80.2219036,33233,25.7066111,-80.268941,33233,25.7066111,-80.2219036,33233,25.7494109,-80.268941
33234,25.73,-80.24,33234,25.7513999,-80.24,33234,25.7086001,-80.24,33234,25.73,-80.2164813,33234,25.73,-80.2635187,33234,25.7513999,-80.2164813,33234,25.7086001,-80.2635187,33234,25.7086001,-80.2164813,33234,25.7513999,-80.2635187
33238,25.8523457,-80.1945365,33238,25.8737456,-80.1945365,33238,25.8309458,-80.1945365,33238,25.8523457,-80.1710178,33238,25.8523457,-80.2180552,33238,25.8737456,-80.1710178,33238,25.8309458,-80.2180552,33238,25.8309458,-80.1710178,33238,25.8737456,-80.2180552
33299,25.7715786,-80.1460348,33299,25.7929785,-80.1460348,33299,25.7501787,-80.1460348,33299,25.7715786,-80.1225161,33299,25.7715786,-80.1695535,33299,25.7929785,-80.1225161,33299,25.7501787,-80.1695535,33299,25.7501787,-80.1225161,33299,25.7929785,-80.1695535
33296,25.66,-80.36,33296,25.6813999,-80.36,33296,25.6386001,-80.36,33296,25.66,-80.3364813,33296,25.66,-80.3835187,33296,25.6813999,-80.3364813,33296,25.6386001,-80.3835187,33296,25.6386001,-80.3364813,33296,25.6813999,-80.3835187
33164,25.93,-80.18,33164,25.9513999,-80.18,33164,25.9086001,-80.18,33164,25.93,-80.1564813,33164,25.93,-80.2035187,33164,25.9513999,-80.1564813,33164,25.9086001,-80.2035187,33164,25.9086001,-80.1564813,33164,25.9513999,-80.2035187
33101,25.7783254,-80.1990136,33101,25.7997253,-80.1990136,33101,25.7569255,-80.1990136,33101,25.7783254,-80.1754949,33101,25.7783254,-80.2225323,33101,25.7997253,-80.1754949,33101,25.7569255,-80.2225323,33101,25.7569255,-80.1754949,33101,25.7997253,-80.2225323
33130,25.7667897,-80.2070328,33130,25.7881896,-80.2070328,33130,25.7453898,-80.2070328,33130,25.7667897,-80.1835141,33130,25.7667897,-80.2305515,33130,25.7881896,-80.1835141,33130,25.7453898,-80.2305515,33130,25.7453898,-80.1835141,33130,25.7881896,-80.2305515
33131,25.76528,-80.1847167,33131,25.7866799,-80.1847167,33131,25.7438801,-80.1847167,33131,25.76528,-80.161198,33131,25.76528,-80.2082354,33131,25.7866799,-80.161198,33131,25.7438801,-80.2082354,33131,25.7438801,-80.161198,33131,25.7866799,-80.2082354
33132,25.7700009,-80.1679758,33132,25.7914008,-80.1679758,33132,25.748601,-80.1679758,33132,25.7700009,-80.1444571,33132,25.7700009,-80.1914945,33132,25.7914008,-80.1444571,33132,25.748601,-80.1914945,33132,25.748601,-80.1444571,33132,25.7914008,-80.1914945
33133,25.7307897,-80.2377078,33133,25.7521896,-80.2377078,33133,25.7093898,-80.2377078,33133,25.7307897,-80.2141891,33133,25.7307897,-80.2612265,33133,25.7521896,-80.2141891,33133,25.7093898,-80.2612265,33133,25.7093898,-80.2141891,33133,25.7521896,-80.2612265
33134,25.7564662,-80.2711588,33134,25.7778661,-80.2711588,33134,25.7350663,-80.2711588,33134,25.7564662,-80.2476401,33134,25.7564662,-80.2946775,33134,25.7778661,-80.2476401,33134,25.7350663,-80.2946775,33134,25.7350663,-80.2476401,33134,25.7778661,-80.2946775
33135,25.7686714,-80.2349196,33135,25.7900713,-80.2349196,33135,25.7472715,-80.2349196,33135,25.7686714,-80.2114009,33135,25.7686714,-80.2584383,33135,25.7900713,-80.2114009,33135,25.7472715,-80.2584383,33135,25.7472715,-80.2114009,33135,25.7900713,-80.2584383
33136,25.7870967,-80.2042436,33136,25.8084966,-80.2042436,33136,25.7656968,-80.2042436,33136,25.7870967,-80.1807249,33136,25.7870967,-80.2277623,33136,25.8084966,-80.1807249,33136,25.7656968,-80.2277623,33136,25.7656968,-80.1807249,33136,25.8084966,-80.2277623
33137,25.8207159,-80.1819268,33137,25.8421158,-80.1819268,33137,25.799316,-80.1819268,33137,25.8207159,-80.1584081,33137,25.8207159,-80.2054455,33137,25.8421158,-80.1584081,33137,25.799316,-80.2054455,33137,25.799316,-80.1584081,33137,25.8421158,-80.2054455
33138,25.8558416,-80.1819268,33138,25.8772415,-80.1819268,33138,25.8344417,-80.1819268,33138,25.8558416,-80.1584081,33138,25.8558416,-80.2054455,33138,25.8772415,-80.1584081,33138,25.8344417,-80.2054455,33138,25.8344417,-80.1584081,33138,25.8772415,-80.2054455
33129,25.7564471,-80.2056382,33129,25.777847,-80.2056382,33129,25.7350472,-80.2056382,33129,25.7564471,-80.1821195,33129,25.7564471,-80.2291569,33129,25.777847,-80.1821195,33129,25.7350472,-80.2291569,33129,25.7350472,-80.1821195,33129,25.777847,-80.2291569
33128,25.7767549,-80.2028489,33128,25.7981548,-80.2028489,33128,25.755355,-80.2028489,33128,25.7767549,-80.1793302,33128,25.7767549,-80.2263676,33128,25.7981548,-80.1793302,33128,25.755355,-80.2263676,33128,25.755355,-80.1793302,33128,25.7981548,-80.2263676
33127,25.8105183,-80.2042436,33127,25.8319182,-80.2042436,33127,25.7891184,-80.2042436,33127,25.8105183,-80.1807249,33127,25.8105183,-80.2277623,33127,25.8319182,-80.1807249,33127,25.7891184,-80.2277623,33127,25.7891184,-80.1807249,33127,25.8319182,-80.2277623
33102,25.8,-80.31,33102,25.8213999,-80.31,33102,25.7786001,-80.31,33102,25.8,-80.2864813,33102,25.8,-80.3335187,33102,25.8213999,-80.2864813,33102,25.7786001,-80.3335187,33102,25.7786001,-80.2864813,33102,25.8213999,-80.3335187
33106,25.6946761,-80.4489929,33106,25.716076,-80.4489929,33106,25.6732762,-80.4489929,33106,25.6946761,-80.4254742,33106,25.6946761,-80.4725116,33106,25.716076,-80.4254742,33106,25.6732762,-80.4725116,33106,25.6732762,-80.4254742,33106,25.716076,-80.4725116
33111,25.77,-80.19,33111,25.7913999,-80.19,33111,25.7486001,-80.19,33111,25.77,-80.1664813,33111,25.77,-80.2135187,33111,25.7913999,-80.1664813,33111,25.7486001,-80.2135187,33111,25.7486001,-80.1664813,33111,25.7913999,-80.2135187
33112,25.7967843,-80.3850751,33112,25.8181842,-80.3850751,33112,25.7753844,-80.3850751,33112,25.7967843,-80.3615564,33112,25.7967843,-80.4085938,33112,25.8181842,-80.3615564,33112,25.7753844,-80.4085938,33112,25.7753844,-80.3615564,33112,25.8181842,-80.4085938
33116,25.6634615,-80.4813173,33116,25.6848614,-80.4813173,33116,25.6420616,-80.4813173,33116,25.6634615,-80.4577986,33116,25.6634615,-80.504836,33116,25.6848614,-80.4577986,33116,25.6420616,-80.504836,33116,25.6420616,-80.4577986,33116,25.6848614,-80.504836
33122,25.8035656,-80.3185252,33122,25.8249655,-80.3185252,33122,25.7821657,-80.3185252,33122,25.8035656,-80.2950065,33122,25.8035656,-80.3420439,33122,25.8249655,-80.2950065,33122,25.7821657,-80.3420439,33122,25.7821657,-80.2950065,33122,25.8249655,-80.3420439
33124,25.7499745,-80.2599653,33124,25.7713744,-80.2599653,33124,25.7285746,-80.2599653,33124,25.7499745,-80.2364466,33124,25.7499745,-80.283484,33124,25.7713744,-80.2364466,33124,25.7285746,-80.283484,33124,25.7285746,-80.2364466,33124,25.7713744,-80.283484
33125,25.7862401,-80.2349196,33125,25.80764,-80.2349196,33125,25.7648402,-80.2349196,33125,25.7862401,-80.2114009,33125,25.7862401,-80.2584383,33125,25.80764,-80.2114009,33125,25.7648402,-80.2584383,33125,25.7648402,-80.2114009,33125,25.80764,-80.2584383
33126,25.778647,-80.2962385,33126,25.8000469,-80.2962385,33126,25.7572471,-80.2962385,33126,25.778647,-80.2727198,33126,25.778647,-80.3197572,33126,25.8000469,-80.2727198,33126,25.7572471,-80.3197572,33126,25.7572471,-80.2727198,33126,25.8000469,-80.3197572
33170,25.6052352,-80.5549561,33170,25.6266351,-80.5549561,33170,25.5838353,-80.5549561,33170,25.6052352,-80.5314374,33170,25.6052352,-80.5784748,33170,25.6266351,-80.5314374,33170,25.5838353,-80.5784748,33170,25.5838353,-80.5314374,33170,25.6266351,-80.5784748
33156,25.6579955,-80.2878794,33156,25.6793954,-80.2878794,33156,25.6365956,-80.2878794,33156,25.6579955,-80.2643607,33156,25.6579955,-80.3113981,33156,25.6793954,-80.2643607,33156,25.6365956,-80.3113981,33156,25.6365956,-80.2643607,33156,25.6793954,-80.3113981
33158,25.6387878,-80.3073826,33158,25.6601877,-80.3073826,33158,25.6173879,-80.3073826,33158,25.6387878,-80.2838639,33158,25.6387878,-80.3309013,33158,25.6601877,-80.2838639,33158,25.6173879,-80.3309013,33158,25.6173879,-80.2838639,33158,25.6601877,-80.3309013
33157,25.6085924,-80.3380213,33157,25.6299923,-80.3380213,33157,25.5871925,-80.3380213,33157,25.6085924,-80.3145026,33157,25.6085924,-80.36154,33157,25.6299923,-80.3145026,33157,25.5871925,-80.36154,33157,25.5871925,-80.3145026,33157,25.6299923,-80.36154
33161,25.8909628,-80.1819268,33161,25.9123627,-80.1819268,33161,25.8695629,-80.1819268,33161,25.8909628,-80.1584081,33161,25.8909628,-80.2054455,33161,25.9123627,-80.1584081,33161,25.8695629,-80.2054455,33161,25.8695629,-80.1584081,33161,25.9123627,-80.2054455
33155,25.7360194,-80.3157397,33155,25.7574193,-80.3157397,33155,25.7146195,-80.3157397,33155,25.7360194,-80.292221,33155,25.7360194,-80.3392584,33155,25.7574193,-80.292221,33155,25.7146195,-80.3392584,33155,25.7146195,-80.292221,33155,25.7574193,-80.3392584
33162,25.9260794,-80.1819268,33162,25.9474793,-80.1819268,33162,25.9046795,-80.1819268,33162,25.9260794,-80.1584081,33162,25.9260794,-80.2054455,33162,25.9474793,-80.1584081,33162,25.9046795,-80.2054455,33162,25.9046795,-80.1584081,33162,25.9474793,-80.2054455
33153,25.865518,-80.1934589,33153,25.8869179,-80.1934589,33153,25.8441181,-80.1934589,33153,25.865518,-80.1699402,33153,25.865518,-80.2169776,33153,25.8869179,-80.1699402,33153,25.8441181,-80.2169776,33153,25.8441181,-80.1699402,33153,25.8869179,-80.2169776
33152,25.7932231,-80.3171325,33152,25.814623,-80.3171325,33152,25.7718232,-80.3171325,33152,25.7932231,-80.2936138,33152,25.7932231,-80.3406512,33152,25.814623,-80.2936138,33152,25.7718232,-80.3406512,33152,25.7718232,-80.2936138,33152,25.814623,-80.3406512
33151,25.8321804,-80.209725,33151,25.8535803,-80.209725,33151,25.8107805,-80.209725,33151,25.8321804,-80.1862063,33151,25.8321804,-80.2332437,33151,25.8535803,-80.1862063,33151,25.8107805,-80.2332437,33151,25.8107805,-80.1862063,33151,25.8535803,-80.2332437
33150,25.8487631,-80.2070328,33150,25.870163,-80.2070328,33150,25.8273632,-80.2070328,33150,25.8487631,-80.1835141,33150,25.8487631,-80.2305515,33150,25.870163,-80.1835141,33150,25.8273632,-80.2305515,33150,25.8273632,-80.1835141,33150,25.870163,-80.2305515
33163,25.95,-80.15,33163,25.9713999,-80.15,33163,25.9286001,-80.15,33163,25.95,-80.1264813,33163,25.95,-80.1735187,33163,25.9713999,-80.1264813,33163,25.9286001,-80.1735187,33163,25.9286001,-80.1264813,33163,25.9713999,-80.1735187
33142,25.8127791,-80.2377078,33142,25.834179,-80.2377078,33142,25.7913792,-80.2377078,33142,25.8127791,-80.2141891,33142,25.8127791,-80.2612265,33142,25.834179,-80.2141891,33142,25.7913792,-80.2612265,33142,25.7913792,-80.2141891,33142,25.834179,-80.2612265
33143,25.6993807,-80.2934522,33143,25.7207806,-80.2934522,33143,25.6779808,-80.2934522,33143,25.6993807,-80.2699335,33143,25.6993807,-80.3169709,33143,25.7207806,-80.2699335,33143,25.6779808,-80.3169709,33143,25.6779808,-80.2699335,33143,25.7207806,-80.3169709
33144,25.7621935,-80.3129541,33144,25.7835934,-80.3129541,33144,25.7407936,-80.3129541,33144,25.7621935,-80.2894354,33144,25.7621935,-80.3364728,33144,25.7835934,-80.2894354,33144,25.7407936,-80.3364728,33144,25.7407936,-80.2894354,33144,25.7835934,-80.3364728
33145,25.7534663,-80.2265545,33145,25.7748662,-80.2265545,33145,25.7320664,-80.2265545,33145,25.7534663,-80.2030358,33145,25.7534663,-80.2500732,33145,25.7748662,-80.2030358,33145,25.7320664,-80.2500732,33145,25.7320664,-80.2030358,33145,25.7748662,-80.2500732
33146,25.7213213,-80.2711588,33146,25.7427212,-80.2711588,33146,25.6999214,-80.2711588,33146,25.7213213,-80.2476401,33146,25.7213213,-80.2946775,33146,25.7427212,-80.2476401,33146,25.6999214,-80.2946775,33146,25.6999214,-80.2476401,33146,25.7427212,-80.2946775
33147,25.84791,-80.2377078,33147,25.8693099,-80.2377078,33147,25.8265101,-80.2377078,33147,25.84791,-80.2141891,33147,25.84791,-80.2612265,33147,25.8693099,-80.2141891,33147,25.8265101,-80.2612265,33147,25.8265101,-80.2141891,33147,25.8693099,-80.2612265
33159,25.77,-80.19,33159,25.7913999,-80.19,33159,25.7486001,-80.19,33159,25.77,-80.1664813,33159,25.77,-80.2135187,33159,25.7913999,-80.1664813,33159,25.7486001,-80.2135187,33159,25.7486001,-80.1664813,33159,25.7913999,-80.2135187
33109,25.7560139,-80.1344842,33109,25.7774138,-80.1344842,33109,25.734614,-80.1344842,33109,25.7560139,-80.1109655,33109,25.7560139,-80.1580029,33109,25.7774138,-80.1109655,33109,25.734614,-80.1580029,33109,25.734614,-80.1109655,33109,25.7774138,-80.1580029
33139,25.783312,-80.1484407,33139,25.8047119,-80.1484407,33139,25.7619121,-80.1484407,33139,25.783312,-80.124922,33139,25.783312,-80.1719594,33139,25.8047119,-80.124922,33139,25.7619121,-80.1719594,33139,25.7619121,-80.124922,33139,25.8047119,-80.1719594
33141,25.8535635,-80.1484407,33141,25.8749634,-80.1484407,33141,25.8321636,-80.1484407,33141,25.8535635,-80.124922,33141,25.8535635,-80.1719594,33141,25.8749634,-80.124922,33141,25.8321636,-80.1719594,33141,25.8321636,-80.124922,33141,25.8749634,-80.1719594
33154,25.8871575,-80.1261093,33154,25.9085574,-80.1261093,33154,25.8657576,-80.1261093,33154,25.8871575,-80.1025906,33154,25.8871575,-80.149628,33154,25.9085574,-80.1025906,33154,25.8657576,-80.149628,33154,25.8657576,-80.1025906,33154,25.9085574,-80.149628
33140,25.8176795,-80.1372757,33140,25.8390794,-80.1372757,33140,25.7962796,-80.1372757,33140,25.8176795,-80.113757,33140,25.8176795,-80.1607944,33140,25.8390794,-80.113757,33140,25.7962796,-80.1607944,33140,25.7962796,-80.113757,33140,25.8390794,-80.1607944
33119,25.7842281,-80.1321792,33119,25.805628,-80.1321792,33119,25.7628282,-80.1321792,33119,25.7842281,-80.1086605,33119,25.7842281,-80.1556979,33119,25.805628,-80.1086605,33119,25.7628282,-80.1556979,33119,25.7628282,-80.1086605,33119,25.805628,-80.1556979
33239,25.789985,-80.1399824,33239,25.8113849,-80.1399824,33239,25.7685851,-80.1399824,33239,25.789985,-80.1164637,33239,25.789985,-80.1635011,33239,25.8113849,-80.1164637,33239,25.7685851,-80.1635011,33239,25.7685851,-80.1164637,33239,25.8113849,-80.1635011
33056,25.9595052,-80.2432839,33056,25.9809051,-80.2432839,33056,25.9381053,-80.2432839,33056,25.9595052,-80.2197652,33056,25.9595052,-80.2668026,33056,25.9809051,-80.2197652,33056,25.9381053,-80.2668026,33056,25.9381053,-80.2197652,33056,25.9809051,-80.2668026
33160,25.9347377,-80.1372757,33160,25.9561376,-80.1372757,33160,25.9133378,-80.1372757,33160,25.9347377,-80.113757,33160,25.9347377,-80.1607944,33160,25.9561376,-80.113757,33160,25.9133378,-80.1607944,33160,25.9133378,-80.113757,33160,25.9561376,-80.1607944
33055,25.9445817,-80.2823063,33055,25.9659816,-80.2823063,33055,25.9231818,-80.2823063,33055,25.9445817,-80.2587876,33055,25.9445817,-80.305825,33055,25.9659816,-80.2587876,33055,25.9231818,-80.305825,33055,25.9231818,-80.2587876,33055,25.9659816,-80.305825
33054,25.9126818,-80.2432839,33054,25.9340817,-80.2432839,33054,25.8912819,-80.2432839,33054,25.9126818,-80.2197652,33054,25.9126818,-80.2668026,33054,25.9340817,-80.2197652,33054,25.8912819,-80.2668026,33054,25.8912819,-80.2197652,33054,25.9340817,-80.2668026
